{"cameraMode":{"drawMode":0,"name":"Shaded","section":"Shading Mode"},"sceneLighting":false,"audioPlay":false,"sceneViewState":{"m_AlwaysRefresh":false,"showFog":true,"showSkybox":false,"showFlares":true,"showImageEffects":true,"showParticleSystems":true,"showVisualEffectGraphs":true,"m_FxEnabled":true},"in2DMode":false,"pivot":{"x":-0.004353195428848267,"y":0.16324585676193238,"z":0.08347093313932419},"rotation":{"x":-0.2750905156135559,"y":-0.15149295330047608,"z":0.04397589713335037,"w":-0.9484221935272217},"size":0.4103938043117523,"orthographic":false}