{"cameraMode":{"drawMode":0,"name":"Shaded","section":"Shading Mode"},"sceneLighting":false,"audioPlay":false,"sceneViewState":{"m_AlwaysRefresh":false,"showFog":true,"showSkybox":false,"showFlares":true,"showImageEffects":true,"showParticleSystems":true,"showVisualEffectGraphs":true,"m_FxEnabled":true},"in2DMode":false,"pivot":{"x":1.2200002670288087,"y":0.39999961853027346,"z":6.300000190734863},"rotation":{"x":-0.18020886182785035,"y":0.08016379922628403,"z":-0.014738046564161778,"w":-0.9802507162094116},"size":13.227293968200684,"orthographic":false}