{"cameraMode":{"drawMode":0,"name":"Shaded","section":"Shading Mode"},"sceneLighting":false,"audioPlay":false,"sceneViewState":{"m_AlwaysRefresh":false,"showFog":true,"showSkybox":false,"showFlares":true,"showImageEffects":true,"showParticleSystems":true,"showVisualEffectGraphs":true,"m_FxEnabled":true},"in2DMode":false,"pivot":{"x":0.16452747583389283,"y":0.01869550347328186,"z":0.03719411417841911},"rotation":{"x":-0.2750905156135559,"y":-0.15149295330047608,"z":0.04397589713335037,"w":-0.9484221935272217},"size":0.23764978349208833,"orthographic":false}