{"cameraMode":{"drawMode":0,"name":"Shaded","section":"Shading Mode"},"sceneLighting":false,"audioPlay":false,"sceneViewState":{"m_AlwaysRefresh":false,"showFog":true,"showSkybox":false,"showFlares":true,"showImageEffects":true,"showParticleSystems":true,"showVisualEffectGraphs":true,"m_FxEnabled":true},"in2DMode":false,"pivot":{"x":0.16452747583389283,"y":0.01869550347328186,"z":0.03719411417841911},"rotation":{"x":-0.3536202609539032,"y":-0.4276517331600189,"z":0.18657676875591279,"w":-0.8107523918151856},"size":0.23764978349208833,"orthographic":false}