{"cameraMode":{"drawMode":0,"name":"Shaded","section":"Shading Mode"},"sceneLighting":false,"audioPlay":false,"sceneViewState":{"m_AlwaysRefresh":false,"showFog":true,"showSkybox":false,"showFlares":true,"showImageEffects":true,"showParticleSystems":true,"showVisualEffectGraphs":true,"m_FxEnabled":true},"in2DMode":false,"pivot":{"x":-0.23897534608840943,"y":0.34698301553726199,"z":-0.11597155034542084},"rotation":{"x":-0.07069245725870133,"y":0.9237385392189026,"z":-0.3136293292045593,"w":-0.2082149088382721},"size":0.832341194152832,"orthographic":false}